"DESCRIPTION","DURATION IN MS","NAME","PARENT SUITE","START TIME","STATUS","STOP TIME","SUB SUITE","SUITE","TEST CLASS","TEST METHOD"
"","5448","Validate county Jefferson County, MT","","2026-05-10","passed","2026-05-10","","County Website Validation for MT","Validate county Jefferson County, MT",""
"","3472","Validate county Hutchinson County, SD","","2026-05-10","failed","2026-05-10","","County Website Validation for SD","Validate county Hutchinson County, SD",""
"","4565","Validate county Hill County, MT","","2026-05-10","passed","2026-05-10","","County Website Validation for MT","Validate county Hill County, MT",""
"","4670","Validate county Beaver County, PA","","2026-05-10","passed","2026-05-10","","County Website Validation for PA","Validate county Beaver County, PA",""
"","4141","Validate county Brown County, SD","","2026-05-10","passed","2026-05-10","","County Website Validation for SD","Validate county Brown County, SD",""
"","3071","Validate county Clay County, SD","","2026-05-10","passed","2026-05-10","","County Website Validation for SD","Validate county Clay County, SD",""
"","5970","Validate county Orleans County, NY","","2026-05-10","passed","2026-05-10","","County Website Validation for NY","Validate county Orleans County, NY",""
"","6422","Validate county Walworth County, SD","","2026-05-10","passed","2026-05-10","","County Website Validation for SD","Validate county Walworth County, SD",""
"","3987","Validate county Dawson County, MT","","2026-05-10","failed","2026-05-10","","County Website Validation for MT","Validate county Dawson County, MT",""
"","4144","Validate county Crawford County, PA","","2026-05-10","passed","2026-05-10","","County Website Validation for PA","Validate county Crawford County, PA",""
"","7817","Validate county Morgan County, UT","","2026-05-10","passed","2026-05-10","","County Website Validation for UT","Validate county Morgan County, UT",""
"","12904","Validate county Hidalgo County, NM","","2026-05-10","passed","2026-05-10","","County Website Validation for NM","Validate county Hidalgo County, NM",""
"","10784","Validate county Delaware County, NY","","2026-05-10","passed","2026-05-10","","County Website Validation for NY","Validate county Delaware County, NY",""
"","5966","Validate county Clark County, ID","","2026-05-10","passed","2026-05-10","","County Website Validation for ID","Validate county Clark County, ID",""
"","46129","Validate county Sweetwater County, WY","","2026-05-10","failed","2026-05-10","","County Website Validation for WY","Validate county Sweetwater County, WY",""
"","4327","Validate county Schenectady County, NY","","2026-05-10","passed","2026-05-10","","County Website Validation for NY","Validate county Schenectady County, NY",""
"","3007","Validate county Lincoln County, SD","","2026-05-10","failed","2026-05-10","","County Website Validation for SD","Validate county Lincoln County, SD",""
"","7733","Validate county Madison County, MT","","2026-05-10","passed","2026-05-10","","County Website Validation for MT","Validate county Madison County, MT",""
"","6390","Validate county Cumberland County, PA","","2026-05-10","passed","2026-05-10","","County Website Validation for PA","Validate county Cumberland County, PA",""
"","3338","Validate county Forest County, PA","","2026-05-10","passed","2026-05-10","","County Website Validation for PA","Validate county Forest County, PA",""
"","3247","Validate county Caledonia County, VT","","2026-05-10","failed","2026-05-10","","County Website Validation for VT","Validate county Caledonia County, VT",""
"","7411","Validate county Lea County, NM","","2026-05-10","passed","2026-05-10","","County Website Validation for NM","Validate county Lea County, NM",""
"","8210","Validate county Toole County, MT","","2026-05-10","passed","2026-05-10","","County Website Validation for MT","Validate county Toole County, MT",""
"","5108","Validate county Yates County, NY","","2026-05-10","passed","2026-05-10","","County Website Validation for NY","Validate county Yates County, NY",""
"","6507","Validate county Camden County, NJ","","2026-05-10","passed","2026-05-10","","County Website Validation for NJ","Validate county Camden County, NJ",""
"","6780","Validate county Gallatin County, MT","","2026-05-10","failed","2026-05-10","","County Website Validation for MT","Validate county Gallatin County, MT",""
"","4435","Validate county Fulton County, NY","","2026-05-10","passed","2026-05-10","","County Website Validation for NY","Validate county Fulton County, NY",""
"","4723","Validate county Lewis And Clark County, MT","","2026-05-10","passed","2026-05-10","","County Website Validation for MT","Validate county Lewis And Clark County, MT",""
"","5145","Validate county Bannock County, ID","","2026-05-10","passed","2026-05-10","","County Website Validation for ID","Validate county Bannock County, ID",""
"","7694","Validate county Miner County, SD","","2026-05-10","passed","2026-05-10","","County Website Validation for SD","Validate county Miner County, SD",""
"","4966","Validate county Seneca County, NY","","2026-05-10","passed","2026-05-10","","County Website Validation for NY","Validate county Seneca County, NY",""
"","3196","Validate county Monroe County, NY","","2026-05-10","passed","2026-05-10","","County Website Validation for NY","Validate county Monroe County, NY",""
"","8300","Validate county Nantucket County, MA","","2026-05-10","passed","2026-05-10","","County Website Validation for MA","Validate county Nantucket County, MA",""
"","44856","Validate county Pennington County, SD","","2026-05-10","failed","2026-05-10","","County Website Validation for SD","Validate county Pennington County, SD",""
"","6717","Validate county Lehigh County, PA","","2026-05-10","passed","2026-05-10","","County Website Validation for PA","Validate county Lehigh County, PA",""
"","4231","Validate county Delaware County, PA","","2026-05-10","failed","2026-05-10","","County Website Validation for PA","Validate county Delaware County, PA",""
"","5611","Validate county Lake County, MT","","2026-05-10","passed","2026-05-10","","County Website Validation for MT","Validate county Lake County, MT",""
"","32566","Validate county Belknap County, NH","","2026-05-10","failed","2026-05-10","","County Website Validation for NH","Validate county Belknap County, NH",""
"","5405","Validate county Bonner County, ID","","2026-05-10","passed","2026-05-10","","County Website Validation for ID","Validate county Bonner County, ID",""
"","5462","Validate county Tioga County, PA","","2026-05-10","passed","2026-05-10","","County Website Validation for PA","Validate county Tioga County, PA",""
"","4325","Validate county Grant County, SD","","2026-05-10","passed","2026-05-10","","County Website Validation for SD","Validate county Grant County, SD",""
"","3489","Validate county Lamoille County, VT","","2026-05-10","failed","2026-05-10","","County Website Validation for VT","Validate county Lamoille County, VT",""
"","45340","Validate county Hillsborough County, NH","","2026-05-10","failed","2026-05-10","","County Website Validation for NH","Validate county Hillsborough County, NH",""
"","13078","Validate county Montour County, PA","","2026-05-10","passed","2026-05-10","","County Website Validation for PA","Validate county Montour County, PA",""
"","7092","Validate county Centre County, PA","","2026-05-10","passed","2026-05-10","","County Website Validation for PA","Validate county Centre County, PA",""
"","6276","Validate county Northampton County, PA","","2026-05-10","passed","2026-05-10","","County Website Validation for PA","Validate county Northampton County, PA",""
"","7423","Validate county Lawrence County, PA","","2026-05-10","passed","2026-05-10","","County Website Validation for PA","Validate county Lawrence County, PA",""
"","3160","Validate county Tripp County, SD","","2026-05-10","failed","2026-05-10","","County Website Validation for SD","Validate county Tripp County, SD",""
"","45017","Validate county Rosebud County, MT","","2026-05-10","failed","2026-05-10","","County Website Validation for MT","Validate county Rosebud County, MT",""
"","4815","Validate county Kingsbury County, SD","","2026-05-10","passed","2026-05-10","","County Website Validation for SD","Validate county Kingsbury County, SD",""
"","4768","Validate county Catron County, NM","","2026-05-10","passed","2026-05-10","","County Website Validation for NM","Validate county Catron County, NM",""
"","4693","Validate county Lyman County, SD","","2026-05-10","passed","2026-05-10","","County Website Validation for SD","Validate county Lyman County, SD",""
"","4994","Validate county Suffolk County, City of Boston, MA","","2026-05-10","passed","2026-05-10","","County Website Validation for MA","Validate county Suffolk County, City of Boston, MA",""
"","4606","Validate county Turner County, SD","","2026-05-10","passed","2026-05-10","","County Website Validation for SD","Validate county Turner County, SD",""
"","5905","Validate county Mineral County, MT","","2026-05-10","passed","2026-05-10","","County Website Validation for MT","Validate county Mineral County, MT",""
"","5277","Validate county Storey County, NV","","2026-05-10","passed","2026-05-10","","County Website Validation for NV","Validate county Storey County, NV",""
"","4068","Validate county Somerset County, PA","","2026-05-10","passed","2026-05-10","","County Website Validation for PA","Validate county Somerset County, PA",""
"","2847","Validate county Delaware County, PA","","2026-05-10","failed","2026-05-10","","County Website Validation for PA","Validate county Delaware County, PA",""
"","24618","Validate county Sweet Grass County, MT","","2026-05-10","passed","2026-05-10","","County Website Validation for MT","Validate county Sweet Grass County, MT",""
"","11788","Validate county Cambria County, PA","","2026-05-10","passed","2026-05-10","","County Website Validation for PA","Validate county Cambria County, PA",""
"","6862","Validate county Dutchess County, NY","","2026-05-10","passed","2026-05-10","","County Website Validation for NY","Validate county Dutchess County, NY",""
"","5806","Validate county Crook County, WY","","2026-05-10","passed","2026-05-10","","County Website Validation for WY","Validate county Crook County, WY",""
"","6345","Validate county Juniata County, PA","","2026-05-10","passed","2026-05-10","","County Website Validation for PA","Validate county Juniata County, PA",""
"","4017","Validate county Edmunds County, SD","","2026-05-10","passed","2026-05-10","","County Website Validation for SD","Validate county Edmunds County, SD",""
"","3658","Validate county Washington County, ME","","2026-05-10","failed","2026-05-10","","County Website Validation for ME","Validate county Washington County, ME",""
"","4477","Validate county Yuma County, CO","","2026-05-10","passed","2026-05-10","","County Website Validation for CO","Validate county Yuma County, CO",""
"","9909","Validate county Big Horn County, WY","","2026-05-10","passed","2026-05-10","","County Website Validation for WY","Validate county Big Horn County, WY",""
"","5251","Validate county Monroe County, PA","","2026-05-10","passed","2026-05-10","","County Website Validation for PA","Validate county Monroe County, PA",""
"","5226","Validate county Sheridan County, WY","","2026-05-10","passed","2026-05-10","","County Website Validation for WY","Validate county Sheridan County, WY",""
"","4249","Validate county Knox County, ME","","2026-05-10","passed","2026-05-10","","County Website Validation for ME","Validate county Knox County, ME",""
"","11128","Validate county Lancaster County, PA","","2026-05-10","passed","2026-05-10","","County Website Validation for PA","Validate county Lancaster County, PA",""
"","5347","Validate county Fremont County, CO","","2026-05-10","passed","2026-05-10","","County Website Validation for CO","Validate county Fremont County, CO",""
"","4641","Validate county Baca County, CO","","2026-05-10","failed","2026-05-10","","County Website Validation for CO","Validate county Baca County, CO",""
"","4227","Validate county Sagadahoc County, ME","","2026-05-10","failed","2026-05-10","","County Website Validation for ME","Validate county Sagadahoc County, ME",""
"","2468","Validate county Dauphin County, PA","","2026-05-10","passed","2026-05-10","","County Website Validation for PA","Validate county Dauphin County, PA",""
"","7404","Validate county Jerome County, ID","","2026-05-10","failed","2026-05-10","","County Website Validation for ID","Validate county Jerome County, ID",""
"","3679","Validate county Day County, SD","","2026-05-10","passed","2026-05-10","","County Website Validation for SD","Validate county Day County, SD",""
"","4063","Validate county Montgomery County, NY","","2026-05-10","passed","2026-05-10","","County Website Validation for NY","Validate county Montgomery County, NY",""
"","6071","Validate county Big Horn County, MT","","2026-05-10","passed","2026-05-10","","County Website Validation for MT","Validate county Big Horn County, MT",""
"","4486","Validate county Philadelphia County, PA","","2026-05-10","passed","2026-05-10","","County Website Validation for PA","Validate county Philadelphia County, PA",""
"","5666","Validate county Wyoming County, NY","","2026-05-10","passed","2026-05-10","","County Website Validation for NY","Validate county Wyoming County, NY",""
"","3179","Validate county Dauphin County, PA","","2026-05-10","passed","2026-05-10","","County Website Validation for PA","Validate county Dauphin County, PA",""
"","7553","Validate county Otero County, CO","","2026-05-10","passed","2026-05-10","","County Website Validation for CO","Validate county Otero County, CO",""
"","14842","Validate county Erie County, PA","","2026-05-10","passed","2026-05-10","","County Website Validation for PA","Validate county Erie County, PA",""
"","5971","Validate county Northampton County, PA","","2026-05-10","passed","2026-05-10","","County Website Validation for PA","Validate county Northampton County, PA",""
"","57578","Validate county Albany County, WY","","2026-05-10","passed","2026-05-10","","County Website Validation for WY","Validate county Albany County, WY",""
"","3652","Validate county Lincoln County, NV","","2026-05-10","passed","2026-05-10","","County Website Validation for NV","Validate county Lincoln County, NV",""
"","6720","Validate county Clear Creek County, CO","","2026-05-10","passed","2026-05-10","","County Website Validation for CO","Validate county Clear Creek County, CO",""
"","9730","Validate county Twin Falls County, ID","","2026-05-10","passed","2026-05-10","","County Website Validation for ID","Validate county Twin Falls County, ID",""
"","4050","Validate county Mineral County, NV","","2026-05-10","passed","2026-05-10","","County Website Validation for NV","Validate county Mineral County, NV",""
"","3350","Validate county Sheridan County, MT","","2026-05-10","failed","2026-05-10","","County Website Validation for MT","Validate county Sheridan County, MT",""
"","5672","Validate county York County, PA","","2026-05-10","passed","2026-05-10","","County Website Validation for PA","Validate county York County, PA",""
"","6015","Validate county El Paso County, CO","","2026-05-10","passed","2026-05-10","","County Website Validation for CO","Validate county El Paso County, CO",""
"","8492","Validate county Custer County, MT","","2026-05-10","passed","2026-05-10","","County Website Validation for MT","Validate county Custer County, MT",""
"","4198","Validate county Blair County, PA","","2026-05-10","passed","2026-05-10","","County Website Validation for PA","Validate county Blair County, PA",""
"","3012","Validate county Hyde County, SD","","2026-05-10","failed","2026-05-10","","County Website Validation for SD","Validate county Hyde County, SD",""
"","6350","Validate county Clark County, SD","","2026-05-10","failed","2026-05-10","","County Website Validation for SD","Validate county Clark County, SD",""
"","4153","Validate county Niagara County, NY","","2026-05-10","passed","2026-05-10","","County Website Validation for NY","Validate county Niagara County, NY",""
"","6755","Validate county Bradford County, PA","","2026-05-10","passed","2026-05-10","","County Website Validation for PA","Validate county Bradford County, PA",""
"","5250","Validate county Crowley County, CO","","2026-05-10","passed","2026-05-10","","County Website Validation for CO","Validate county Crowley County, CO",""
"","4738","Validate county Philadelphia County, PA","","2026-05-10","passed","2026-05-10","","County Website Validation for PA","Validate county Philadelphia County, PA",""
"","3767","Validate county Faulk County, SD","","2026-05-10","failed","2026-05-10","","County Website Validation for SD","Validate county Faulk County, SD",""
"","8770","Validate county Maricopa County, AZ","","2026-05-10","passed","2026-05-10","","County Website Validation for AZ","Validate county Maricopa County, AZ",""
"","3936","Validate county Platte County, WY","","2026-05-10","passed","2026-05-10","","County Website Validation for WY","Validate county Platte County, WY",""
"","4416","Validate county Harding County, NM","","2026-05-10","passed","2026-05-10","","County Website Validation for NM","Validate county Harding County, NM",""
"","10623","Validate county Carbon County, UT","","2026-05-10","passed","2026-05-10","","County Website Validation for UT","Validate county Carbon County, UT",""
"","13535","Validate county Boise County, ID","","2026-05-10","failed","2026-05-10","","County Website Validation for ID","Validate county Boise County, ID",""
"","3794","Validate county Hamilton County, NY","","2026-05-10","passed","2026-05-10","","County Website Validation for NY","Validate county Hamilton County, NY",""
"","7363","Validate county Somerset County, PA","","2026-05-10","passed","2026-05-10","","County Website Validation for PA","Validate county Somerset County, PA",""
"","4492","Validate county Chautauqua County, NY","","2026-05-10","passed","2026-05-10","","County Website Validation for NY","Validate county Chautauqua County, NY",""
"","3041","Validate county Treasure County, MT","","2026-05-10","failed","2026-05-10","","County Website Validation for MT","Validate county Treasure County, MT",""
"","5924","Validate county Mellette County, SD","","2026-05-10","failed","2026-05-10","","County Website Validation for SD","Validate county Mellette County, SD",""
"","6996","Validate county Humboldt County, NV","","2026-05-10","passed","2026-05-10","","County Website Validation for NV","Validate county Humboldt County, NV",""
"","2792","Validate county Butte County, ID","","2026-05-10","failed","2026-05-10","","County Website Validation for ID","Validate county Butte County, ID",""
"","3653","Validate county Yavapai County, AZ","","2026-05-10","failed","2026-05-10","","County Website Validation for AZ","Validate county Yavapai County, AZ",""
"","14364","Validate county Rockland County, NY","","2026-05-10","passed","2026-05-10","","County Website Validation for NY","Validate county Rockland County, NY",""
"","3551","Validate county Washington County, VT","","2026-05-10","failed","2026-05-10","","County Website Validation for VT","Validate county Washington County, VT",""
"","5174","Validate county Washington County, ID","","2026-05-10","passed","2026-05-10","","County Website Validation for ID","Validate county Washington County, ID",""
"","4279","Validate county Piscataquis County, ME","","2026-05-10","passed","2026-05-10","","County Website Validation for ME","Validate county Piscataquis County, ME",""
"","3386","Validate county Cattaraugus County, NY","","2026-05-10","passed","2026-05-10","","County Website Validation for NY","Validate county Cattaraugus County, NY",""
"","11356","Validate county Cambria County, PA","","2026-05-10","passed","2026-05-10","","County Website Validation for PA","Validate county Cambria County, PA",""
"","2914","Validate county Campbell County, SD","","2026-05-10","failed","2026-05-10","","County Website Validation for SD","Validate county Campbell County, SD",""
"","6048","Validate county Bingham County, ID","","2026-05-10","failed","2026-05-10","","County Website Validation for ID","Validate county Bingham County, ID",""
"","5790","Validate county Cascade County, MT","","2026-05-10","passed","2026-05-10","","County Website Validation for MT","Validate county Cascade County, MT",""
"","2763","Validate county Clark County, NV","","2026-05-10","passed","2026-05-10","","County Website Validation for NV","Validate county Clark County, NV",""
"","5461","Validate county Monroe County, PA","","2026-05-10","passed","2026-05-10","","County Website Validation for PA","Validate county Monroe County, PA",""
"","3025","Validate county Northumberland County, PA","","2026-05-10","passed","2026-05-10","","County Website Validation for PA","Validate county Northumberland County, PA",""
"","8050","Validate county Pershing County, NV","","2026-05-10","failed","2026-05-10","","County Website Validation for NV","Validate county Pershing County, NV",""
"","9594","Validate county Saratoga County, NY","","2026-05-10","passed","2026-05-10","","County Website Validation for NY","Validate county Saratoga County, NY",""
"","4365","Validate county Sierra County, NM","","2026-05-10","passed","2026-05-10","","County Website Validation for NM","Validate county Sierra County, NM",""
"","6999","Validate county Allegany County, NY","","2026-05-10","passed","2026-05-10","","County Website Validation for NY","Validate county Allegany County, NY",""
"","6752","Validate county Broadwater County, MT","","2026-05-10","passed","2026-05-10","","County Website Validation for MT","Validate county Broadwater County, MT",""
"","16284","Validate county Lincoln County, MT","","2026-05-10","passed","2026-05-10","","County Website Validation for MT","Validate county Lincoln County, MT",""
"","7938","Validate county Clinton County, NY","","2026-05-10","passed","2026-05-10","","County Website Validation for NY","Validate county Clinton County, NY",""
"","44351","Validate county Androscoggin County, ME","","2026-05-10","passed","2026-05-10","","County Website Validation for ME","Validate county Androscoggin County, ME",""
"","2876","Validate county Wayne County, NY","","2026-05-10","passed","2026-05-10","","County Website Validation for NY","Validate county Wayne County, NY",""
"","3506","Validate county Bennington County, VT","","2026-05-10","failed","2026-05-10","","County Website Validation for VT","Validate county Bennington County, VT",""
"","5535","Validate county Chester County, PA","","2026-05-10","passed","2026-05-10","","County Website Validation for PA","Validate county Chester County, PA",""
"","3142","Validate county Wibaux County, MT","","2026-05-10","failed","2026-05-10","","County Website Validation for MT","Validate county Wibaux County, MT",""
"","3292","Validate county Fulton County, PA","","2026-05-10","passed","2026-05-10","","County Website Validation for PA","Validate county Fulton County, PA",""
"","3618","Validate county Rutland County, VT","","2026-05-10","failed","2026-05-10","","County Website Validation for VT","Validate county Rutland County, VT",""
"","2697","Validate county Sullivan County, PA","","2026-05-10","failed","2026-05-10","","County Website Validation for PA","Validate county Sullivan County, PA",""
"","4239","Validate county Saguache County, CO","","2026-05-10","passed","2026-05-10","","County Website Validation for CO","Validate county Saguache County, CO",""
"","4627","Validate county Indiana County, PA","","2026-05-10","passed","2026-05-10","","County Website Validation for PA","Validate county Indiana County, PA",""
"","5165","Validate county Columbia County, NY","","2026-05-10","passed","2026-05-10","","County Website Validation for NY","Validate county Columbia County, NY",""
"","3122","Validate county Carson City, NV","","2026-05-10","failed","2026-05-10","","County Website Validation for NV","Validate county Carson City, NV",""
"","5180","Validate county Lincoln County, ME","","2026-05-10","passed","2026-05-10","","County Website Validation for ME","Validate county Lincoln County, ME",""
"","4283","Validate county Prairie County, MT","","2026-05-10","failed","2026-05-10","","County Website Validation for MT","Validate county Prairie County, MT",""
"","18468","Validate county McCone County, MT","","2026-05-10","passed","2026-05-10","","County Website Validation for MT","Validate county McCone County, MT",""
"","5556","Validate county York County, PA","","2026-05-10","passed","2026-05-10","","County Website Validation for PA","Validate county York County, PA",""
"","6378","Validate county Dona Ana County, NM","","2026-05-10","passed","2026-05-10","","County Website Validation for NM","Validate county Dona Ana County, NM",""
"","2892","Validate county Garfield County, MT","","2026-05-10","passed","2026-05-10","","County Website Validation for MT","Validate county Garfield County, MT",""
"","3977","Validate county Tooele County, UT","","2026-05-10","passed","2026-05-10","","County Website Validation for UT","Validate county Tooele County, UT",""
"","8922","Validate county Westmoreland County, PA","","2026-05-10","passed","2026-05-10","","County Website Validation for PA","Validate county Westmoreland County, PA",""
"","23879","Validate county St. Lawrence County, NY","","2026-05-10","failed","2026-05-10","","County Website Validation for NY","Validate county St. Lawrence County, NY",""
"","4179","Validate county Mesa County, CO","","2026-05-10","passed","2026-05-10","","County Website Validation for CO","Validate county Mesa County, CO",""
"","6131","Validate county Hamlin County, SD","","2026-05-10","passed","2026-05-10","","County Website Validation for SD","Validate county Hamlin County, SD",""
"","6163","Validate county Potter County, PA","","2026-05-10","passed","2026-05-10","","County Website Validation for PA","Validate county Potter County, PA",""
"","23950","Validate county Broome County, NY","","2026-05-10","passed","2026-05-10","","County Website Validation for NY","Validate county Broome County, NY",""
"","6738","Validate county Wasatch County, UT","","2026-05-10","passed","2026-05-10","","County Website Validation for UT","Validate county Wasatch County, UT",""
"","7244","Validate county Uinta County, WY","","2026-05-10","passed","2026-05-10","","County Website Validation for WY","Validate county Uinta County, WY",""
"","3645","Validate county Meagher County, MT","","2026-05-10","failed","2026-05-10","","County Website Validation for MT","Validate county Meagher County, MT",""
"","3813","Validate county Strafford County, NH","","2026-05-10","passed","2026-05-10","","County Website Validation for NH","Validate county Strafford County, NH",""
"","5683","Validate county Tompkins County, NY","","2026-05-10","passed","2026-05-10","","County Website Validation for NY","Validate county Tompkins County, NY",""
"","3831","Validate county Forest County, PA","","2026-05-10","passed","2026-05-10","","County Website Validation for PA","Validate county Forest County, PA",""
"","3609","Validate county Boundary County, ID","","2026-05-10","passed","2026-05-10","","County Website Validation for ID","Validate county Boundary County, ID",""
"","4974","Validate county White Pine County, NV","","2026-05-10","passed","2026-05-10","","County Website Validation for NV","Validate county White Pine County, NV",""
"","4140","Validate county Natrona County, WY","","2026-05-10","failed","2026-05-10","","County Website Validation for WY","Validate county Natrona County, WY",""
"","5272","Validate county Lyon County, NV","","2026-05-10","passed","2026-05-10","","County Website Validation for NV","Validate county Lyon County, NV",""
"","5052","Validate county Garfield County, UT","","2026-05-10","passed","2026-05-10","","County Website Validation for UT","Validate county Garfield County, UT",""
"","5281","Validate county Jefferson County, ID","","2026-05-10","passed","2026-05-10","","County Website Validation for ID","Validate county Jefferson County, ID",""
"","15215","Validate county Bristol County, MA","","2026-05-10","passed","2026-05-10","","County Website Validation for MA","Validate county Bristol County, MA",""
"","3368","Validate county Tioga County, NY","","2026-05-10","passed","2026-05-10","","County Website Validation for NY","Validate county Tioga County, NY",""
"","5797","Validate county Grand Isle County, VT","","2026-05-10","passed","2026-05-10","","County Website Validation for VT","Validate county Grand Isle County, VT",""
"","7435","Validate county Montgomery County, PA","","2026-05-10","passed","2026-05-10","","County Website Validation for PA","Validate county Montgomery County, PA",""
"","6930","Validate county Putnam County, NY","","2026-05-10","passed","2026-05-10","","County Website Validation for NY","Validate county Putnam County, NY",""
"","5867","Validate county Custer County, SD","","2026-05-10","passed","2026-05-10","","County Website Validation for SD","Validate county Custer County, SD",""
"","6177","Validate county Quay County, NM","","2026-05-10","passed","2026-05-10","","County Website Validation for NM","Validate county Quay County, NM",""
"","6651","Validate county Mohave County, AZ","","2026-05-10","failed","2026-05-10","","County Website Validation for AZ","Validate county Mohave County, AZ",""
"","6124","Validate county Navajo County, AZ","","2026-05-10","passed","2026-05-10","","County Website Validation for AZ","Validate county Navajo County, AZ",""
"","46133","Validate county Barnstable County, MA","","2026-05-10","passed","2026-05-10","","County Website Validation for MA","Validate county Barnstable County, MA",""
"","6996","Validate county Livingston County, NY","","2026-05-10","passed","2026-05-10","","County Website Validation for NY","Validate county Livingston County, NY",""
"","5434","Validate county Teton County, ID","","2026-05-10","passed","2026-05-10","","County Website Validation for ID","Validate county Teton County, ID",""
"","4799","Validate county Hand County, SD","","2026-05-10","passed","2026-05-10","","County Website Validation for SD","Validate county Hand County, SD",""
"","4499","Validate county Hinsdale County, CO","","2026-05-10","passed","2026-05-10","","County Website Validation for CO","Validate county Hinsdale County, CO",""
"","7671","Validate county Teller County, CO","","2026-05-10","passed","2026-05-10","","County Website Validation for CO","Validate county Teller County, CO",""
"","4610","Validate county Jefferson County, NY","","2026-05-10","passed","2026-05-10","","County Website Validation for NY","Validate county Jefferson County, NY",""
"","5152","Validate county Elko County, NV","","2026-05-10","passed","2026-05-10","","County Website Validation for NV","Validate county Elko County, NV",""
"","3191","Validate county Windsor County, VT","","2026-05-10","failed","2026-05-10","","County Website Validation for VT","Validate county Windsor County, VT",""
"","3956","Validate county Elk County, PA","","2026-05-10","passed","2026-05-10","","County Website Validation for PA","Validate county Elk County, PA",""
"","4470","Validate county Oxford County, ME","","2026-05-10","passed","2026-05-10","","County Website Validation for ME","Validate county Oxford County, ME",""
"","4808","Validate county Jefferson County, PA","","2026-05-10","passed","2026-05-10","","County Website Validation for PA","Validate county Jefferson County, PA",""
"","4486","Validate county Perry County, PA","","2026-05-10","passed","2026-05-10","","County Website Validation for PA","Validate county Perry County, PA",""
"","5992","Validate county Fremont County, WY","","2026-05-10","passed","2026-05-10","","County Website Validation for WY","Validate county Fremont County, WY",""
"","10260","Validate county York County, ME","","2026-05-10","passed","2026-05-10","","County Website Validation for ME","Validate county York County, ME",""
"","6895","Validate county Berks County, PA","","2026-05-10","passed","2026-05-10","","County Website Validation for PA","Validate county Berks County, PA",""
"","6594","Validate county Warren County, PA","","2026-05-10","passed","2026-05-10","","County Website Validation for PA","Validate county Warren County, PA",""
"","5074","Validate county Union County, PA","","2026-05-10","failed","2026-05-10","","County Website Validation for PA","Validate county Union County, PA",""
"","5027","Validate county Somerset County, ME","","2026-05-10","passed","2026-05-10","","County Website Validation for ME","Validate county Somerset County, ME",""
"","10767","Validate county Tioga County, PA","","2026-05-10","passed","2026-05-10","","County Website Validation for PA","Validate county Tioga County, PA",""
"","7475","Validate county Phillips County, CO","","2026-05-10","passed","2026-05-10","","County Website Validation for CO","Validate county Phillips County, CO",""
"","6519","Validate county Lehigh County, PA","","2026-05-10","passed","2026-05-10","","County Website Validation for PA","Validate county Lehigh County, PA",""
"","4526","Validate county Madison County, ID","","2026-05-10","passed","2026-05-10","","County Website Validation for ID","Validate county Madison County, ID",""
"","5084","Validate county Elmore County, ID","","2026-05-10","passed","2026-05-10","","County Website Validation for ID","Validate county Elmore County, ID",""
"","5139","Validate county Morgan County, CO","","2026-05-10","passed","2026-05-10","","County Website Validation for CO","Validate county Morgan County, CO",""
"","7871","Validate county Gloucester County, NJ","","2026-05-10","passed","2026-05-10","","County Website Validation for NJ","Validate county Gloucester County, NJ",""
"","3160","Validate county Orleans County, VT","","2026-05-10","failed","2026-05-10","","County Website Validation for VT","Validate county Orleans County, VT",""
"","4273","Validate county Cayuga County, NY","","2026-05-10","failed","2026-05-10","","County Website Validation for NY","Validate county Cayuga County, NY",""
"","5813","Validate county Power County, ID","","2026-05-10","passed","2026-05-10","","County Website Validation for ID","Validate county Power County, ID",""
"","8416","Validate county Middlesex County, NJ","","2026-05-10","passed","2026-05-10","","County Website Validation for NJ","Validate county Middlesex County, NJ",""
"","7889","Validate county Lebanon County, PA","","2026-05-10","passed","2026-05-10","","County Website Validation for PA","Validate county Lebanon County, PA",""
"","5085","Validate county Cumberland County, ME","","2026-05-10","passed","2026-05-10","","County Website Validation for ME","Validate county Cumberland County, ME",""
"","3234","Validate county Wheatland County, MT","","2026-05-10","failed","2026-05-10","","County Website Validation for MT","Validate county Wheatland County, MT",""
"","44812","Validate county Allegheny County, PA","","2026-05-10","failed","2026-05-10","","County Website Validation for PA","Validate county Allegheny County, PA",""
"","7344","Validate county Wyoming County, PA","","2026-05-10","passed","2026-05-10","","County Website Validation for PA","Validate county Wyoming County, PA",""
"","5818","Validate county Moody County, SD","","2026-05-10","passed","2026-05-10","","County Website Validation for SD","Validate county Moody County, SD",""
"","5498","Validate county Grant County, NM","","2026-05-10","passed","2026-05-10","","County Website Validation for NM","Validate county Grant County, NM",""
"","4645","Validate county Snyder County, PA","","2026-05-10","passed","2026-05-10","","County Website Validation for PA","Validate county Snyder County, PA",""
"","5188","Validate county Genesee County, NY","","2026-05-10","passed","2026-05-10","","County Website Validation for NY","Validate county Genesee County, NY",""
"","5828","Validate county Bear Lake County, ID","","2026-05-10","passed","2026-05-10","","County Website Validation for ID","Validate county Bear Lake County, ID",""
"","5507","Validate county Centre County, PA","","2026-05-10","passed","2026-05-10","","County Website Validation for PA","Validate county Centre County, PA",""
"","8212","Validate county Hunterdon County, NJ","","2026-05-10","passed","2026-05-10","","County Website Validation for NJ","Validate county Hunterdon County, NJ",""
"","4611","Validate county Franklin County, ID","","2026-05-10","passed","2026-05-10","","County Website Validation for ID","Validate county Franklin County, ID",""
"","8169","Validate county Montezuma County, CO","","2026-05-10","failed","2026-05-10","","County Website Validation for CO","Validate county Montezuma County, CO",""
"","3607","Validate county Ziebach County, SD","","2026-05-10","failed","2026-05-10","","County Website Validation for SD","Validate county Ziebach County, SD",""
"","19156","Validate county Idaho County, ID","","2026-05-10","passed","2026-05-10","","County Website Validation for ID","Validate county Idaho County, ID",""
"","7150","Validate county Summit County, CO","","2026-05-10","passed","2026-05-10","","County Website Validation for CO","Validate county Summit County, CO",""
"","6648","Validate county Sanders County, MT","","2026-05-10","passed","2026-05-10","","County Website Validation for MT","Validate county Sanders County, MT",""
"","47923","Validate county Cape May County, NJ","","2026-05-10","failed","2026-05-10","","County Website Validation for NJ","Validate county Cape May County, NJ",""
"","5962","Validate county Carbon County, MT","","2026-05-10","passed","2026-05-10","","County Website Validation for MT","Validate county Carbon County, MT",""
"","9675","Validate county Denver City and County, CO","","2026-05-10","passed","2026-05-10","","County Website Validation for CO","Validate county Denver City and County, CO",""
"","4118","Validate county Potter County, SD","","2026-05-10","failed","2026-05-10","","County Website Validation for SD","Validate county Potter County, SD",""
"","12959","Validate county Cumberland County, PA","","2026-05-10","passed","2026-05-10","","County Website Validation for PA","Validate county Cumberland County, PA",""
"","4996","Validate county Minnehaha County, SD","","2026-05-10","passed","2026-05-10","","County Website Validation for SD","Validate county Minnehaha County, SD",""
"","7596","Validate county Ravalli County, MT","","2026-05-10","passed","2026-05-10","","County Website Validation for MT","Validate county Ravalli County, MT",""
"","3643","Validate county Franklin County, VT","","2026-05-10","failed","2026-05-10","","County Website Validation for VT","Validate county Franklin County, VT",""
"","7306","Validate county Berks County, PA","","2026-05-10","passed","2026-05-10","","County Website Validation for PA","Validate county Berks County, PA",""
"","4328","Validate county Lackawanna County, PA","","2026-05-10","passed","2026-05-10","","County Website Validation for PA","Validate county Lackawanna County, PA",""
"","15588","Validate county Garfield County, CO","","2026-05-10","passed","2026-05-10","","County Website Validation for CO","Validate county Garfield County, CO",""
"","3183","Validate county Orleans County, VT","","2026-05-10","failed","2026-05-10","","County Website Validation for VT","Validate county Orleans County, VT",""
"","5137","Validate county Penobscot County, ME","","2026-05-10","passed","2026-05-10","","County Website Validation for ME","Validate county Penobscot County, ME",""
"","3200","Validate county Fulton County, PA","","2026-05-10","passed","2026-05-10","","County Website Validation for PA","Validate county Fulton County, PA",""
"","8811","Validate county Union County, NJ","","2026-05-10","passed","2026-05-10","","County Website Validation for NJ","Validate county Union County, NJ",""
"","3620","Validate county De Baca County, NM","","2026-05-10","failed","2026-05-10","","County Website Validation for NM","Validate county De Baca County, NM",""
"","3118","Validate county Hanson County, SD","","2026-05-10","failed","2026-05-10","","County Website Validation for SD","Validate county Hanson County, SD",""
"","5888","Validate county Butler County, PA","","2026-05-10","passed","2026-05-10","","County Website Validation for PA","Validate county Butler County, PA",""
"","4372","Validate county Valley County, ID","","2026-05-10","passed","2026-05-10","","County Website Validation for ID","Validate county Valley County, ID",""
"","3359","Validate county Codington County, SD","","2026-05-10","passed","2026-05-10","","County Website Validation for SD","Validate county Codington County, SD",""
"","140141","Validate county Adams County, CO","","2026-05-10","passed","2026-05-10","","County Website Validation for CO","Validate county Adams County, CO",""
"","4402","Validate county McKean County, PA","","2026-05-10","passed","2026-05-10","","County Website Validation for PA","Validate county McKean County, PA",""
"","4931","Validate county Merrimack County, NH","","2026-05-10","passed","2026-05-10","","County Website Validation for NH","Validate county Merrimack County, NH",""
"","99214","Validate county Ada County, ID","","2026-05-10","failed","2026-05-10","","County Website Validation for ID","Validate county Ada County, ID",""
"","6839","Validate county Luna County, NM","","2026-05-10","passed","2026-05-10","","County Website Validation for NM","Validate county Luna County, NM",""
"","3949","Validate county Blaine County, MT","","2026-05-10","passed","2026-05-10","","County Website Validation for MT","Validate county Blaine County, MT",""
"","13415","Validate county Rich County, UT","","2026-05-10","passed","2026-05-10","","County Website Validation for UT","Validate county Rich County, UT",""
"","10065","Validate county Huerfano County, CO","","2026-05-10","passed","2026-05-10","","County Website Validation for CO","Validate county Huerfano County, CO",""
"","11376","Validate county Grafton County, NH","","2026-05-10","passed","2026-05-10","","County Website Validation for NH","Validate county Grafton County, NH",""
"","6187","Validate county Luzerne County, PA","","2026-05-10","passed","2026-05-10","","County Website Validation for PA","Validate county Luzerne County, PA",""
"","3437","Validate county Franklin County, VT","","2026-05-10","failed","2026-05-10","","County Website Validation for VT","Validate county Franklin County, VT",""
"","3992","Validate county Franklin County, PA","","2026-05-10","passed","2026-05-10","","County Website Validation for PA","Validate county Franklin County, PA",""
"","4322","Validate county Lincoln County, NM","","2026-05-10","passed","2026-05-10","","County Website Validation for NM","Validate county Lincoln County, NM",""
"","49417","Validate county Beadle County, SD","","2026-05-10","failed","2026-05-10","","County Website Validation for SD","Validate county Beadle County, SD",""
"","9472","Validate county Montgomery County, PA","","2026-05-10","passed","2026-05-10","","County Website Validation for PA","Validate county Montgomery County, PA",""
"","46285","Validate county Juab County, UT","","2026-05-10","failed","2026-05-10","","County Website Validation for UT","Validate county Juab County, UT",""
"","3363","Validate county Lamoille County, VT","","2026-05-10","failed","2026-05-10","","County Website Validation for VT","Validate county Lamoille County, VT",""
"","3493","Validate county Costilla County, CO","","2026-05-10","failed","2026-05-10","","County Website Validation for CO","Validate county Costilla County, CO",""
"","45035","Validate county Flathead County, MT","","2026-05-10","failed","2026-05-10","","County Website Validation for MT","Validate county Flathead County, MT",""
"","4934","Validate county Wayne County, PA","","2026-05-10","passed","2026-05-10","","County Website Validation for PA","Validate county Wayne County, PA",""
"","8703","Validate county Jefferson County, CO","","2026-05-10","passed","2026-05-10","","County Website Validation for CO","Validate county Jefferson County, CO",""
"","5073","Validate county Beaver County, PA","","2026-05-10","passed","2026-05-10","","County Website Validation for PA","Validate county Beaver County, PA",""
"","13780","Validate county Hot Springs County, WY","","2026-05-10","passed","2026-05-10","","County Website Validation for WY","Validate county Hot Springs County, WY",""
"","9338","Validate county Rensselaer County, NY","","2026-05-10","passed","2026-05-10","","County Website Validation for NY","Validate county Rensselaer County, NY",""
"","5448","Validate county Huntingdon County, PA","","2026-05-10","passed","2026-05-10","","County Website Validation for PA","Validate county Huntingdon County, PA",""
"","4159","Validate county Charles Mix County, SD","","2026-05-10","passed","2026-05-10","","County Website Validation for SD","Validate county Charles Mix County, SD",""
"","69908","Validate county Fergus County, MT","","2026-05-10","failed","2026-05-10","","County Website Validation for MT","Validate county Fergus County, MT",""
"","3603","Validate county Windham County, VT","","2026-05-10","failed","2026-05-10","","County Website Validation for VT","Validate county Windham County, VT",""
"","3950","Validate county Washington County, PA","","2026-05-10","failed","2026-05-10","","County Website Validation for PA","Validate county Washington County, PA",""
"","4908","Validate county Roberts County, SD","","2026-05-10","passed","2026-05-10","","County Website Validation for SD","Validate county Roberts County, SD",""
"","124466","Validate county Beaverhead County, MT","","2026-05-10","passed","2026-05-10","","County Website Validation for MT","Validate county Beaverhead County, MT",""
"","7032","Validate county Westmoreland County, PA","","2026-05-10","passed","2026-05-10","","County Website Validation for PA","Validate county Westmoreland County, PA",""
"","9091","Validate county San Juan County, CO","","2026-05-10","passed","2026-05-10","","County Website Validation for CO","Validate county San Juan County, CO",""
"","5281","Validate county Chaffee County, CO","","2026-05-10","passed","2026-05-10","","County Website Validation for CO","Validate county Chaffee County, CO",""
"","4760","Validate county Pueblo County, CO","","2026-05-10","passed","2026-05-10","","County Website Validation for CO","Validate county Pueblo County, CO",""
"","5414","Validate county Lewis County, ID","","2026-05-10","passed","2026-05-10","","County Website Validation for ID","Validate county Lewis County, ID",""
"","5520","Validate county Ontario County, NY","","2026-05-10","passed","2026-05-10","","County Website Validation for NY","Validate county Ontario County, NY",""
"","7459","Validate county Graham County, AZ","","2026-05-10","failed","2026-05-10","","County Website Validation for AZ","Validate county Graham County, AZ",""
"","4547","Validate county Gooding County, ID","","2026-05-10","passed","2026-05-10","","County Website Validation for ID","Validate county Gooding County, ID",""
"","3109","Validate county Box Elder County, UT","","2026-05-10","failed","2026-05-10","","County Website Validation for UT","Validate county Box Elder County, UT",""
"","6577","Validate county Wayne County, UT","","2026-05-10","failed","2026-05-10","","County Website Validation for UT","Validate county Wayne County, UT",""
"","5081","Validate county Pike County, PA","","2026-05-10","passed","2026-05-10","","County Website Validation for PA","Validate county Pike County, PA",""
"","4559","Validate county Carbon County, PA","","2026-05-10","passed","2026-05-10","","County Website Validation for PA","Validate county Carbon County, PA",""
"","5920","Validate county Mora County, NM","","2026-05-10","failed","2026-05-10","","County Website Validation for NM","Validate county Mora County, NM",""
"","7429","Validate county Cassia County, ID","","2026-05-10","passed","2026-05-10","","County Website Validation for ID","Validate county Cassia County, ID",""
"","6136","Validate county Weston County, WY","","2026-05-10","passed","2026-05-10","","County Website Validation for WY","Validate county Weston County, WY",""
"","6375","Validate county Union County, NM","","2026-05-10","passed","2026-05-10","","County Website Validation for NM","Validate county Union County, NM",""
"","3635","Validate county Petroleum County, MT","","2026-05-10","passed","2026-05-10","","County Website Validation for MT","Validate county Petroleum County, MT",""
"","5046","Validate county Gila County, AZ","","2026-05-10","passed","2026-05-10","","County Website Validation for AZ","Validate county Gila County, AZ",""
"","5913","Validate county Cheshire County, NH","","2026-05-10","passed","2026-05-10","","County Website Validation for NH","Validate county Cheshire County, NH",""
"","4189","Validate county Payette County, ID","","2026-05-10","passed","2026-05-10","","County Website Validation for ID","Validate county Payette County, ID",""
"","4548","Validate county Indiana County, PA","","2026-05-10","passed","2026-05-10","","County Website Validation for PA","Validate county Indiana County, PA",""
"","6383","Validate county Benewah County, ID","","2026-05-10","failed","2026-05-10","","County Website Validation for ID","Validate county Benewah County, ID",""
"","6868","Validate county Chemung County, NY","","2026-05-10","passed","2026-05-10","","County Website Validation for NY","Validate county Chemung County, NY",""
"","6216","Validate county McKinley County, NM","","2026-05-10","passed","2026-05-10","","County Website Validation for NM","Validate county McKinley County, NM",""
"","45152","Validate county Gem County, ID","","2026-05-10","failed","2026-05-10","","County Website Validation for ID","Validate county Gem County, ID",""
"","3043","Validate county Mineral County, CO","","2026-05-10","failed","2026-05-10","","County Website Validation for CO","Validate county Mineral County, CO",""
"","37710","Validate county Addison County, VT","","2026-05-10","failed","2026-05-10","","County Website Validation for VT","Validate county Addison County, VT",""
"","6622","Validate county Emery County, UT","","2026-05-10","passed","2026-05-10","","County Website Validation for UT","Validate county Emery County, UT",""
"","3151","Validate county Elbert County, CO","","2026-05-10","passed","2026-05-10","","County Website Validation for CO","Validate county Elbert County, CO",""
"","14947","Validate county Atlantic County, NJ","","2026-05-10","broken","2026-05-10","","County Website Validation for NJ","Validate county Atlantic County, NJ",""
"","9511","Validate county Valley County, MT","","2026-05-10","failed","2026-05-10","","County Website Validation for MT","Validate county Valley County, MT",""
"","4650","Validate county Schuylkill County, PA","","2026-05-10","passed","2026-05-10","","County Website Validation for PA","Validate county Schuylkill County, PA",""
"","4589","Validate county Schuylkill County, PA","","2026-05-10","passed","2026-05-10","","County Website Validation for PA","Validate county Schuylkill County, PA",""
"","3056","Validate county Judith Basin County, MT","","2026-05-10","failed","2026-05-10","","County Website Validation for MT","Validate county Judith Basin County, MT",""
"","3039","Validate county Roosevelt County, MT","","2026-05-10","failed","2026-05-10","","County Website Validation for MT","Validate county Roosevelt County, MT",""
"","3618","Validate county Perry County, PA","","2026-05-10","passed","2026-05-10","","County Website Validation for PA","Validate county Perry County, PA",""
"","4261","Validate county New York City, NY","","2026-05-10","passed","2026-05-10","","County Website Validation for NY","Validate county New York City, NY",""
"","4544","Validate county Cameron County, PA","","2026-05-10","passed","2026-05-10","","County Website Validation for PA","Validate county Cameron County, PA",""
"","9194","Validate county Eddy County, NM","","2026-05-10","passed","2026-05-10","","County Website Validation for NM","Validate county Eddy County, NM",""
"","4411","Validate county Teton County, MT","","2026-05-10","passed","2026-05-10","","County Website Validation for MT","Validate county Teton County, MT",""
"","5092","Validate county Kiowa County, CO","","2026-05-10","failed","2026-05-10","","County Website Validation for CO","Validate county Kiowa County, CO",""
"","7338","Validate county Custer County, CO","","2026-05-10","passed","2026-05-10","","County Website Validation for CO","Validate county Custer County, CO",""
"","14505","Validate county Brookings County, SD","","2026-05-10","passed","2026-05-10","","County Website Validation for SD","Validate county Brookings County, SD",""
"","5228","Validate county Grand County, UT","","2026-05-10","passed","2026-05-10","","County Website Validation for UT","Validate county Grand County, UT",""
"","5314","Validate county Bucks County, PA","","2026-05-10","passed","2026-05-10","","County Website Validation for PA","Validate county Bucks County, PA",""
"","4892","Validate county Warren County, PA","","2026-05-10","passed","2026-05-10","","County Website Validation for PA","Validate county Warren County, PA",""
"","7045","Validate county Pinal County, AZ","","2026-05-10","passed","2026-05-10","","County Website Validation for AZ","Validate county Pinal County, AZ",""
"","8809","Validate county Lebanon County, PA","","2026-05-10","passed","2026-05-10","","County Website Validation for PA","Validate county Lebanon County, PA",""
"","3451","Validate county Essex County, VT","","2026-05-10","failed","2026-05-10","","County Website Validation for VT","Validate county Essex County, VT",""
"","6917","Validate county Lancaster County, PA","","2026-05-10","passed","2026-05-10","","County Website Validation for PA","Validate county Lancaster County, PA",""
"","5040","Validate county Conejos County, CO","","2026-05-10","passed","2026-05-10","","County Website Validation for CO","Validate county Conejos County, CO",""
"","4473","Validate county Fayette County, PA","","2026-05-10","passed","2026-05-10","","County Website Validation for PA","Validate county Fayette County, PA",""
"","5463","Validate county Guadalupe County, NM","","2026-05-10","failed","2026-05-10","","County Website Validation for NM","Validate county Guadalupe County, NM",""
"","5644","Validate county Norfolk County, MA","","2026-05-10","passed","2026-05-10","","County Website Validation for MA","Validate county Norfolk County, MA",""
"","4155","Validate county Owyhee County, ID","","2026-05-10","passed","2026-05-10","","County Website Validation for ID","Validate county Owyhee County, ID",""
"","23976","Validate county Morris County, NJ","","2026-05-10","failed","2026-05-10","","County Website Validation for NJ","Validate county Morris County, NJ",""
"","40588","Validate county Addison County, VT","","2026-05-10","failed","2026-05-10","","County Website Validation for VT","Validate county Addison County, VT",""
"","15097","Validate county Washoe County, NV","","2026-05-10","passed","2026-05-10","","County Website Validation for NV","Validate county Washoe County, NV",""
"","6511","Validate county Routt County, CO","","2026-05-10","passed","2026-05-10","","County Website Validation for CO","Validate county Routt County, CO",""
"","9372","Validate county Esmeralda County, NV","","2026-05-10","passed","2026-05-10","","County Website Validation for NV","Validate county Esmeralda County, NV",""
"","8975","Validate county Onondaga County, NY","","2026-05-10","passed","2026-05-10","","County Website Validation for NY","Validate county Onondaga County, NY",""
"","3759","Validate county Sullivan County, NY","","2026-05-10","passed","2026-05-10","","County Website Validation for NY","Validate county Sullivan County, NY",""
"","5105","Validate county Kit Carson County, CO","","2026-05-10","passed","2026-05-10","","County Website Validation for CO","Validate county Kit Carson County, CO",""
"","10043","Validate county Park County, WY","","2026-05-10","passed","2026-05-10","","County Website Validation for WY","Validate county Park County, WY",""
"","4155","Validate county McKean County, PA","","2026-05-10","passed","2026-05-10","","County Website Validation for PA","Validate county McKean County, PA",""
"","4119","Validate county Susquehanna County, PA","","2026-05-10","passed","2026-05-10","","County Website Validation for PA","Validate county Susquehanna County, PA",""
"","4694","Validate county Snyder County, PA","","2026-05-10","passed","2026-05-10","","County Website Validation for PA","Validate county Snyder County, PA",""
"","3345","Validate county Chittenden County, VT","","2026-05-10","failed","2026-05-10","","County Website Validation for VT","Validate county Chittenden County, VT",""
"","5448","Validate county Grand County, CO","","2026-05-10","passed","2026-05-10","","County Website Validation for CO","Validate county Grand County, CO",""
"","6464","Validate county Dolores County, CO","","2026-05-10","passed","2026-05-10","","County Website Validation for CO","Validate county Dolores County, CO",""
"","3315","Validate county Todd County, SD","","2026-05-10","failed","2026-05-10","","County Website Validation for SD","Validate county Todd County, SD",""
"","2768","Validate county Spink County, SD","","2026-05-10","passed","2026-05-10","","County Website Validation for SD","Validate county Spink County, SD",""
"","6292","Validate county Custer County, ID","","2026-05-10","failed","2026-05-10","","County Website Validation for ID","Validate county Custer County, ID",""
"","8726","Validate county Oneida County, NY","","2026-05-10","passed","2026-05-10","","County Website Validation for NY","Validate county Oneida County, NY",""
"","6803","Validate county Lycoming County, PA","","2026-05-10","passed","2026-05-10","","County Website Validation for PA","Validate county Lycoming County, PA",""
"","9450","Validate county Douglas County, NV","","2026-05-10","passed","2026-05-10","","County Website Validation for NV","Validate county Douglas County, NV",""
"","9103","Validate county Coconino County, AZ","","2026-05-10","failed","2026-05-10","","County Website Validation for AZ","Validate county Coconino County, AZ",""
"","5545","Validate county Otsego County, NY","","2026-05-10","passed","2026-05-10","","County Website Validation for NY","Validate county Otsego County, NY",""
"","10933","Validate county Alamosa County, CO","","2026-05-10","passed","2026-05-10","","County Website Validation for CO","Validate county Alamosa County, CO",""
"","4813","Validate county Orange County, VT","","2026-05-10","failed","2026-05-10","","County Website Validation for VT","Validate county Orange County, VT",""
"","7984","Validate county McPherson County, SD","","2026-05-10","passed","2026-05-10","","County Website Validation for SD","Validate county McPherson County, SD",""
"","7550","Validate county Campbell County, WY","","2026-05-10","passed","2026-05-10","","County Website Validation for WY","Validate county Campbell County, WY",""
"","4746","Validate county Suffolk County, NY","","2026-05-10","failed","2026-05-10","","County Website Validation for NY","Validate county Suffolk County, NY",""
"","4460","Validate county Pike County, PA","","2026-05-10","passed","2026-05-10","","County Website Validation for PA","Validate county Pike County, PA",""
"","3228","Validate county Jackson County, SD","","2026-05-10","failed","2026-05-10","","County Website Validation for SD","Validate county Jackson County, SD",""
"","7473","Validate county Mifflin County, PA","","2026-05-10","passed","2026-05-10","","County Website Validation for PA","Validate county Mifflin County, PA",""
"","6657","Validate county Kennebec County, ME","","2026-05-10","passed","2026-05-10","","County Website Validation for ME","Validate county Kennebec County, ME",""
"","7234","Validate county Lawrence County, PA","","2026-05-10","passed","2026-05-10","","County Website Validation for PA","Validate county Lawrence County, PA",""
"","7046","Validate county Montrose County, CO","","2026-05-10","passed","2026-05-10","","County Website Validation for CO","Validate county Montrose County, CO",""
"","4596","Validate county Oswego County, NY","","2026-05-10","passed","2026-05-10","","County Website Validation for NY","Validate county Oswego County, NY",""
"","7256","Validate county Burlington County, NJ","","2026-05-10","passed","2026-05-10","","County Website Validation for NJ","Validate county Burlington County, NJ",""
"","3394","Validate county Harding County, SD","","2026-05-10","failed","2026-05-10","","County Website Validation for SD","Validate county Harding County, SD",""
"","4436","Validate county Powder River County, MT","","2026-05-10","passed","2026-05-10","","County Website Validation for MT","Validate county Powder River County, MT",""
"","4885","Validate county La Paz County, AZ","","2026-05-10","passed","2026-05-10","","County Website Validation for AZ","Validate county La Paz County, AZ",""
"","7717","Validate county Duchesne County, UT","","2026-05-10","passed","2026-05-10","","County Website Validation for UT","Validate county Duchesne County, UT",""
"","8893","Validate county Orange County, NY","","2026-05-10","passed","2026-05-10","","County Website Validation for NY","Validate county Orange County, NY",""
"","10459","Validate county Potter County, PA","","2026-05-10","passed","2026-05-10","","County Website Validation for PA","Validate county Potter County, PA",""
"","2675","Validate county Venango County, PA","","2026-05-10","failed","2026-05-10","","County Website Validation for PA","Validate county Venango County, PA",""
"","6728","Validate county Waldo County, ME","","2026-05-10","passed","2026-05-10","","County Website Validation for ME","Validate county Waldo County, ME",""
"","3605","Validate county Pitkin County, CO","","2026-05-10","passed","2026-05-10","","County Website Validation for CO","Validate county Pitkin County, CO",""
"","15049","Validate county Ocean County, NJ","","2026-05-10","passed","2026-05-10","","County Website Validation for NJ","Validate county Ocean County, NJ",""
"","5051","Validate county Lemhi County, ID","","2026-05-10","passed","2026-05-10","","County Website Validation for ID","Validate county Lemhi County, ID",""
"","6868","Validate county Weber County, UT","","2026-05-10","passed","2026-05-10","","County Website Validation for UT","Validate county Weber County, UT",""
"","3848","Validate county Fayette County, PA","","2026-05-10","passed","2026-05-10","","County Website Validation for PA","Validate county Fayette County, PA",""
"","4673","Validate county Sanpete County, UT","","2026-05-10","passed","2026-05-10","","County Website Validation for UT","Validate county Sanpete County, UT",""
"","5400","Validate county Sussex County, NJ","","2026-05-10","passed","2026-05-10","","County Website Validation for NJ","Validate county Sussex County, NJ",""
"","5942","Validate county Chouteau County, MT","","2026-05-10","failed","2026-05-10","","County Website Validation for MT","Validate county Chouteau County, MT",""
"","4692","Validate county Armstrong County, PA","","2026-05-10","passed","2026-05-10","","County Website Validation for PA","Validate county Armstrong County, PA",""
"","4505","Validate county Clarion County, PA","","2026-05-10","passed","2026-05-10","","County Website Validation for PA","Validate county Clarion County, PA",""
"","4613","Validate county San Juan County, NM","","2026-05-10","passed","2026-05-10","","County Website Validation for NM","Validate county San Juan County, NM",""
"","69425","Validate county Beaver County, UT","","2026-05-10","passed","2026-05-10","","County Website Validation for UT","Validate county Beaver County, UT",""
"","5454","Validate county Columbia County, PA","","2026-05-10","passed","2026-05-10","","County Website Validation for PA","Validate county Columbia County, PA",""
"","5956","Validate county Lander County, NV","","2026-05-10","passed","2026-05-10","","County Website Validation for NV","Validate county Lander County, NV",""
"","3620","Validate county Shoshone County, ID","","2026-05-10","failed","2026-05-10","","County Website Validation for ID","Validate county Shoshone County, ID",""
"","4439","Validate county Wayne County, PA","","2026-05-10","passed","2026-05-10","","County Website Validation for PA","Validate county Wayne County, PA",""
"","6925","Validate county Rockingham County, NH","","2026-05-10","passed","2026-05-10","","County Website Validation for NH","Validate county Rockingham County, NH",""
"","3314","Validate county Liberty County, MT","","2026-05-10","failed","2026-05-10","","County Website Validation for MT","Validate county Liberty County, MT",""
"","4128","Validate county Sully County, SD","","2026-05-10","passed","2026-05-10","","County Website Validation for SD","Validate county Sully County, SD",""
"","3192","Validate county Chittenden County, VT","","2026-05-10","failed","2026-05-10","","County Website Validation for VT","Validate county Chittenden County, VT",""
"","6142","Validate county Socorro County, NM","","2026-05-10","passed","2026-05-10","","County Website Validation for NM","Validate county Socorro County, NM",""
"","7361","Validate county Sublette County, WY","","2026-05-10","passed","2026-05-10","","County Website Validation for WY","Validate county Sublette County, WY",""
"","3041","Validate county Venango County, PA","","2026-05-10","failed","2026-05-10","","County Website Validation for PA","Validate county Venango County, PA",""
"","28509","Validate county Delta County, CO","","2026-05-10","failed","2026-05-10","","County Website Validation for CO","Validate county Delta County, CO",""
"","3309","Validate county Douglas County, SD","","2026-05-10","failed","2026-05-10","","County Website Validation for SD","Validate county Douglas County, SD",""
"","4377","Validate county Lincoln County, CO","","2026-05-10","passed","2026-05-10","","County Website Validation for CO","Validate county Lincoln County, CO",""
"","5109","Validate county Bedford County, PA","","2026-05-10","passed","2026-05-10","","County Website Validation for PA","Validate county Bedford County, PA",""
"","5465","Validate county Buffalo County, SD","","2026-05-10","failed","2026-05-10","","County Website Validation for SD","Validate county Buffalo County, SD",""
"","4430","Validate county Lincoln County, ID","","2026-05-10","failed","2026-05-10","","County Website Validation for ID","Validate county Lincoln County, ID",""
"","6410","Validate county Summit County, UT","","2026-05-10","passed","2026-05-10","","County Website Validation for UT","Validate county Summit County, UT",""
"","23542","Validate county Mercer County, PA","","2026-05-10","failed","2026-05-10","","County Website Validation for PA","Validate county Mercer County, PA",""
"","10101","Validate county Lawrence County, SD","","2026-05-10","passed","2026-05-10","","County Website Validation for SD","Validate county Lawrence County, SD",""
"","6946","Validate county Pondera County, MT","","2026-05-10","passed","2026-05-10","","County Website Validation for MT","Validate county Pondera County, MT",""
"","3452","Validate county Marshall County, SD","","2026-05-10","failed","2026-05-10","","County Website Validation for SD","Validate county Marshall County, SD",""
"","2844","Validate county San Miguel County, CO","","2026-05-10","failed","2026-05-10","","County Website Validation for CO","Validate county San Miguel County, CO",""
"","6190","Validate county Carbon County, WY","","2026-05-10","passed","2026-05-10","","County Website Validation for WY","Validate county Carbon County, WY",""
"","50339","Validate county Apache County, AZ","","2026-05-10","failed","2026-05-10","","County Website Validation for AZ","Validate county Apache County, AZ",""
"","6602","Validate county Chaves County, NM","","2026-05-10","passed","2026-05-10","","County Website Validation for NM","Validate county Chaves County, NM",""
"","5490","Validate county Oglala Lakota County, SD","","2026-05-10","passed","2026-05-10","","County Website Validation for SD","Validate county Oglala Lakota County, SD",""
"","11200","Validate county Bon Homme County, SD","","2026-05-10","passed","2026-05-10","","County Website Validation for SD","Validate county Bon Homme County, SD",""
"","6013","Validate county Passaic County, NJ","","2026-05-10","passed","2026-05-10","","County Website Validation for NJ","Validate county Passaic County, NJ",""
"","7859","Validate county Bradford County, PA","","2026-05-10","passed","2026-05-10","","County Website Validation for PA","Validate county Bradford County, PA",""
"","8942","Validate county Fremont County, ID","","2026-05-10","passed","2026-05-10","","County Website Validation for ID","Validate county Fremont County, ID",""
"","5630","Validate county Schoharie County, NY","","2026-05-10","passed","2026-05-10","","County Website Validation for NY","Validate county Schoharie County, NY",""
"","5351","Validate county Powell County, MT","","2026-05-10","failed","2026-05-10","","County Website Validation for MT","Validate county Powell County, MT",""
"","5602","Validate county Carroll County, NH","","2026-05-10","passed","2026-05-10","","County Website Validation for NH","Validate county Carroll County, NH",""
"","5297","Validate county Otero County, NM","","2026-05-10","passed","2026-05-10","","County Website Validation for NM","Validate county Otero County, NM",""
"","3596","Validate county Chenango County, NY","","2026-05-10","passed","2026-05-10","","County Website Validation for NY","Validate county Chenango County, NY",""
"","4613","Validate county Cibola County, NM","","2026-05-10","passed","2026-05-10","","County Website Validation for NM","Validate county Cibola County, NM",""
"","4843","Validate county Washington County, CO","","2026-05-10","passed","2026-05-10","","County Website Validation for CO","Validate county Washington County, CO",""
"","5092","Validate county Washington County, NY","","2026-05-10","passed","2026-05-10","","County Website Validation for NY","Validate county Washington County, NY",""
"","5618","Validate county Madison County, NY","","2026-05-10","passed","2026-05-10","","County Website Validation for NY","Validate county Madison County, NY",""
"","6562","Validate county Gunnison County, CO","","2026-05-10","passed","2026-05-10","","County Website Validation for CO","Validate county Gunnison County, CO",""
"","7411","Validate county Huntingdon County, PA","","2026-05-10","passed","2026-05-10","","County Website Validation for PA","Validate county Huntingdon County, PA",""
"","5713","Validate county Armstrong County, PA","","2026-05-10","passed","2026-05-10","","County Website Validation for PA","Validate county Armstrong County, PA",""
"","3558","Validate county Jones County, SD","","2026-05-10","failed","2026-05-10","","County Website Validation for SD","Validate county Jones County, SD",""
"","45441","Validate county Carter County, MT","","2026-05-10","passed","2026-05-10","","County Website Validation for MT","Validate county Carter County, MT",""
"","4942","Validate county Warren County, NY","","2026-05-10","passed","2026-05-10","","County Website Validation for NY","Validate county Warren County, NY",""
"","3181","Validate county Daniels County, MT","","2026-05-10","failed","2026-05-10","","County Website Validation for MT","Validate county Daniels County, MT",""
"","3881","Validate county Monmouth County, NJ","","2026-05-10","passed","2026-05-10","","County Website Validation for NJ","Validate county Monmouth County, NJ",""
"","5062","Validate county Luzerne County, PA","","2026-05-10","passed","2026-05-10","","County Website Validation for PA","Validate county Luzerne County, PA",""
"","8066","Validate county Archuleta County, CO","","2026-05-10","passed","2026-05-10","","County Website Validation for CO","Validate county Archuleta County, CO",""
"","7703","Validate county Glacier County, MT","","2026-05-10","passed","2026-05-10","","County Website Validation for MT","Validate county Glacier County, MT",""
"","5934","Validate county Gilpin County, CO","","2026-05-10","failed","2026-05-10","","County Website Validation for CO","Validate county Gilpin County, CO",""
"","151885","Validate county Adams County, PA","","2026-05-10","passed","2026-05-10","","County Website Validation for PA","Validate county Adams County, PA",""
"","5378","Validate county Perkins County, SD","","2026-05-10","passed","2026-05-10","","County Website Validation for SD","Validate county Perkins County, SD",""
"","124723","Validate county Albany County, NY","","2026-05-10","passed","2026-05-10","","County Website Validation for NY","Validate county Albany County, NY",""
"","5757","Validate county Jefferson County, PA","","2026-05-10","passed","2026-05-10","","County Website Validation for PA","Validate county Jefferson County, PA",""
"","7536","Validate county Butte-Silver Bow County, MT","","2026-05-10","passed","2026-05-10","","County Website Validation for MT","Validate county Butte-Silver Bow County, MT",""
"","30074","Validate county Bergen County, NJ","","2026-05-10","failed","2026-05-10","","County Website Validation for NJ","Validate county Bergen County, NJ",""
"","8685","Validate county Teton County, WY","","2026-05-10","passed","2026-05-10","","County Website Validation for WY","Validate county Teton County, WY",""
"","3458","Validate county Plymouth County, MA","","2026-05-10","failed","2026-05-10","","County Website Validation for MA","Validate county Plymouth County, MA",""
"","2952","Validate county Jerauld County, SD","","2026-05-10","failed","2026-05-10","","County Website Validation for SD","Validate county Jerauld County, SD",""
"","4306","Validate county Warren County, NJ","","2026-05-10","passed","2026-05-10","","County Website Validation for NJ","Validate county Warren County, NJ",""
"","7678","Validate county Daggett County, UT","","2026-05-10","passed","2026-05-10","","County Website Validation for UT","Validate county Daggett County, UT",""
"","4106","Validate county McCook County, SD","","2026-05-10","passed","2026-05-10","","County Website Validation for SD","Validate county McCook County, SD",""
"","4934","Validate county Blair County, PA","","2026-05-10","passed","2026-05-10","","County Website Validation for PA","Validate county Blair County, PA",""
"","4461","Validate county Davison County, SD","","2026-05-10","passed","2026-05-10","","County Website Validation for SD","Validate county Davison County, SD",""
"","4199","Validate county Mercer County, NJ","","2026-05-10","passed","2026-05-10","","County Website Validation for NJ","Validate county Mercer County, NJ",""
"","9480","Validate county Cortland County, NY","","2026-05-10","passed","2026-05-10","","County Website Validation for NY","Validate county Cortland County, NY",""
"","3444","Validate county Essex County, VT","","2026-05-10","failed","2026-05-10","","County Website Validation for VT","Validate county Essex County, VT",""
"","6327","Validate county Greene County, NY","","2026-05-10","passed","2026-05-10","","County Website Validation for NY","Validate county Greene County, NY",""
"","15377","Validate county Clearfield County, PA","","2026-05-10","passed","2026-05-10","","County Website Validation for PA","Validate county Clearfield County, PA",""
"","3241","Validate county Dewey County, SD","","2026-05-10","failed","2026-05-10","","County Website Validation for SD","Validate county Dewey County, SD",""
"","5203","Validate county Boulder County, CO","","2026-05-10","passed","2026-05-10","","County Website Validation for CO","Validate county Boulder County, CO",""
"","5365","Validate county Goshen County, WY","","2026-05-10","passed","2026-05-10","","County Website Validation for WY","Validate county Goshen County, WY",""
"","3686","Validate county Orange County, VT","","2026-05-10","failed","2026-05-10","","County Website Validation for VT","Validate county Orange County, VT",""
"","2900","Validate county San Miguel County, NM","","2026-05-10","failed","2026-05-10","","County Website Validation for NM","Validate county San Miguel County, NM",""
"","3036","Validate county Prowers County, CO","","2026-05-10","failed","2026-05-10","","County Website Validation for CO","Validate county Prowers County, CO",""
"","7313","Validate county Minidoka County, ID","","2026-05-10","passed","2026-05-10","","County Website Validation for ID","Validate county Minidoka County, ID",""
"","3750","Validate county Logan County, CO","","2026-05-10","passed","2026-05-10","","County Website Validation for CO","Validate county Logan County, CO",""
"","10191","Validate county Park County, CO","","2026-05-10","passed","2026-05-10","","County Website Validation for CO","Validate county Park County, CO",""
"","5132","Validate county Valencia County, NM","","2026-05-10","passed","2026-05-10","","County Website Validation for NM","Validate county Valencia County, NM",""
"","5542","Validate county Rio Grande County, CO","","2026-05-10","passed","2026-05-10","","County Website Validation for CO","Validate county Rio Grande County, CO",""
"","8802","Validate county Aroostook County, ME","","2026-05-10","passed","2026-05-10","","County Website Validation for ME","Validate county Aroostook County, ME",""
"","3751","Validate county Franklin County, ME","","2026-05-10","passed","2026-05-10","","County Website Validation for ME","Validate county Franklin County, ME",""
"","6903","Validate county Santa Cruz County, AZ","","2026-05-10","failed","2026-05-10","","County Website Validation for AZ","Validate county Santa Cruz County, AZ",""
"","7257","Validate county Mifflin County, PA","","2026-05-10","passed","2026-05-10","","County Website Validation for PA","Validate county Mifflin County, PA",""
"","19319","Validate county Erie County, PA","","2026-05-10","passed","2026-05-10","","County Website Validation for PA","Validate county Erie County, PA",""
"","46174","Validate county Laramie County, WY","","2026-05-10","failed","2026-05-10","","County Website Validation for WY","Validate county Laramie County, WY",""
"","7741","Validate county Blaine County, ID","","2026-05-10","passed","2026-05-10","","County Website Validation for ID","Validate county Blaine County, ID",""
"","8662","Validate county Ouray County, CO","","2026-05-10","passed","2026-05-10","","County Website Validation for CO","Validate county Ouray County, CO",""
"","8660","Validate county Clarion County, PA","","2026-05-10","passed","2026-05-10","","County Website Validation for PA","Validate county Clarion County, PA",""
"","3197","Validate county Steuben County, NY","","2026-05-10","failed","2026-05-10","","County Website Validation for NY","Validate county Steuben County, NY",""
"","9181","Validate county Hughes County, SD","","2026-05-10","passed","2026-05-10","","County Website Validation for SD","Validate county Hughes County, SD",""
"","5096","Validate county Chester County, PA","","2026-05-10","passed","2026-05-10","","County Website Validation for PA","Validate county Chester County, PA",""
"","4679","Validate county Northumberland County, PA","","2026-05-10","passed","2026-05-10","","County Website Validation for PA","Validate county Northumberland County, PA",""
"","44862","Validate county Ulster County, NY","","2026-05-10","failed","2026-05-10","","County Website Validation for NY","Validate county Ulster County, NY",""
"","4430","Validate county Park County, MT","","2026-05-10","passed","2026-05-10","","County Website Validation for MT","Validate county Park County, MT",""
"","4650","Validate county Cameron County, PA","","2026-05-10","passed","2026-05-10","","County Website Validation for PA","Validate county Cameron County, PA",""
"","5148","Validate county Gregory County, SD","","2026-05-10","failed","2026-05-10","","County Website Validation for SD","Validate county Gregory County, SD",""
"","7116","Validate county Yankton County, SD","","2026-05-10","passed","2026-05-10","","County Website Validation for SD","Validate county Yankton County, SD",""
"","6363","Validate county Cache County, UT","","2026-05-10","passed","2026-05-10","","County Website Validation for UT","Validate county Cache County, UT",""
"","4931","Validate county Somerset County, NJ","","2026-05-10","passed","2026-05-10","","County Website Validation for NJ","Validate county Somerset County, NJ",""
"","5284","Validate county Columbia County, PA","","2026-05-10","passed","2026-05-10","","County Website Validation for PA","Validate county Columbia County, PA",""
"","4156","Validate county Missoula County, MT","","2026-05-10","passed","2026-05-10","","County Website Validation for MT","Validate county Missoula County, MT",""
"","5910","Validate county Union County, SD","","2026-05-10","passed","2026-05-10","","County Website Validation for SD","Validate county Union County, SD",""
"","7281","Validate county Juniata County, PA","","2026-05-10","passed","2026-05-10","","County Website Validation for PA","Validate county Juniata County, PA",""
"","5546","Validate county Niobrara County, WY","","2026-05-10","passed","2026-05-10","","County Website Validation for WY","Validate county Niobrara County, WY",""
"","5797","Validate county Butte County, SD","","2026-05-10","passed","2026-05-10","","County Website Validation for SD","Validate county Butte County, SD",""
"","6660","Validate county Clearwater County, ID","","2026-05-10","passed","2026-05-10","","County Website Validation for ID","Validate county Clearwater County, ID",""
"","7809","Validate county Wyoming County, PA","","2026-05-10","passed","2026-05-10","","County Website Validation for PA","Validate county Wyoming County, PA",""
"","3934","Validate county Erie County, NY","","2026-05-10","passed","2026-05-10","","County Website Validation for NY","Validate county Erie County, NY",""
"","5785","Validate county Los Alamos County, NM","","2026-05-10","passed","2026-05-10","","County Website Validation for NM","Validate county Los Alamos County, NM",""
"","7089","Validate county Eureka County, NV","","2026-05-10","failed","2026-05-10","","County Website Validation for NV","Validate county Eureka County, NV",""
"","4601","Validate county Bedford County, PA","","2026-05-10","passed","2026-05-10","","County Website Validation for PA","Validate county Bedford County, PA",""
"","4629","Validate county Las Animas County, CO","","2026-05-10","passed","2026-05-10","","County Website Validation for CO","Validate county Las Animas County, CO",""
"","4044","Validate county Iron County, UT","","2026-05-10","passed","2026-05-10","","County Website Validation for UT","Validate county Iron County, UT",""
"","5478","Validate county Nassau County, NY","","2026-05-10","passed","2026-05-10","","County Website Validation for NY","Validate county Nassau County, NY",""
"","9253","Validate county Butler County, PA","","2026-05-10","passed","2026-05-10","","County Website Validation for PA","Validate county Butler County, PA",""
"","80509","Validate county Bernalillo County, NM","","2026-05-10","passed","2026-05-10","","County Website Validation for NM","Validate county Bernalillo County, NM",""
"","3427","Validate county Phillips County, MT","","2026-05-10","failed","2026-05-10","","County Website Validation for MT","Validate county Phillips County, MT",""
"","2893","Validate county Cumberland County, NJ","","2026-05-10","broken","2026-05-10","","County Website Validation for NJ","Validate county Cumberland County, NJ",""
"","6659","Validate county Nye County, NV","","2026-05-10","passed","2026-05-10","","County Website Validation for NV","Validate county Nye County, NV",""
"","4493","Validate county Arapahoe County, CO","","2026-05-10","passed","2026-05-10","","County Website Validation for CO","Validate county Arapahoe County, CO",""
"","3336","Validate county Salem County, NJ","","2026-05-10","passed","2026-05-10","","County Website Validation for NJ","Validate county Salem County, NJ",""
"","4214","Validate county Corson County, SD","","2026-05-10","passed","2026-05-10","","County Website Validation for SD","Validate county Corson County, SD",""
"","3497","Validate county Rutland County, VT","","2026-05-10","failed","2026-05-10","","County Website Validation for VT","Validate county Rutland County, VT",""
"","4646","Validate county Lackawanna County, PA","","2026-05-10","passed","2026-05-10","","County Website Validation for PA","Validate county Lackawanna County, PA",""
"","6449","Validate county Lake County, CO","","2026-05-10","passed","2026-05-10","","County Website Validation for CO","Validate county Lake County, CO",""
"","7615","Validate county Franklin County, NY","","2026-05-10","passed","2026-05-10","","County Website Validation for NY","Validate county Franklin County, NY",""
"","5185","Validate county Richland County, MT","","2026-05-10","passed","2026-05-10","","County Website Validation for MT","Validate county Richland County, MT",""
"","15386","Validate county Clearfield County, PA","","2026-05-10","passed","2026-05-10","","County Website Validation for PA","Validate county Clearfield County, PA",""
"","143287","Validate county Adams County, PA","","2026-05-10","passed","2026-05-10","","County Website Validation for PA","Validate county Adams County, PA",""
"","5852","Validate county Canyon County, ID","","2026-05-10","passed","2026-05-10","","County Website Validation for ID","Validate county Canyon County, ID",""
"","4198","Validate county Clinton County, PA","","2026-05-10","passed","2026-05-10","","County Website Validation for PA","Validate county Clinton County, PA",""
"","9452","Validate county Lake County, SD","","2026-05-10","passed","2026-05-10","","County Website Validation for SD","Validate county Lake County, SD",""
"","4859","Validate county Rio Arriba County, NM","","2026-05-10","passed","2026-05-10","","County Website Validation for NM","Validate county Rio Arriba County, NM",""
"","3274","Validate county Utah County, UT","","2026-05-10","failed","2026-05-10","","County Website Validation for UT","Validate county Utah County, UT",""
"","10050","Validate county Santa Fe County, NM","","2026-05-10","passed","2026-05-10","","County Website Validation for NM","Validate county Santa Fe County, NM",""
"","4002","Validate county Brule County, SD","","2026-05-10","passed","2026-05-10","","County Website Validation for SD","Validate county Brule County, SD",""
"","27186","Validate county Greenlee County, AZ","","2026-05-10","failed","2026-05-10","","County Website Validation for AZ","Validate county Greenlee County, AZ",""
"","4681","Validate county Bennett County, SD","","2026-05-10","failed","2026-05-10","","County Website Validation for SD","Validate county Bennett County, SD",""
"","4330","Validate county Clinton County, PA","","2026-05-10","passed","2026-05-10","","County Website Validation for PA","Validate county Clinton County, PA",""
"","3654","Validate county Haakon County, SD","","2026-05-10","failed","2026-05-10","","County Website Validation for SD","Validate county Haakon County, SD",""
"","3198","Validate county Caledonia County, VT","","2026-05-10","failed","2026-05-10","","County Website Validation for VT","Validate county Caledonia County, VT",""
"","5076","Validate county Taos County, NM","","2026-05-10","passed","2026-05-10","","County Website Validation for NM","Validate county Taos County, NM",""
"","44945","Validate county Cochise County, AZ","","2026-05-10","failed","2026-05-10","","County Website Validation for AZ","Validate county Cochise County, AZ",""
"","2988","Validate county Granite County, MT","","2026-05-10","failed","2026-05-10","","County Website Validation for MT","Validate county Granite County, MT",""
"","3303","Validate county Bonneville County, ID","","2026-05-10","failed","2026-05-10","","County Website Validation for ID","Validate county Bonneville County, ID",""
"","8265","Validate county Sanborn County, SD","","2026-05-10","passed","2026-05-10","","County Website Validation for SD","Validate county Sanborn County, SD",""
"","8135","Validate county Weld County, CO","","2026-05-10","passed","2026-05-10","","County Website Validation for CO","Validate county Weld County, CO",""
"","7043","Validate county La Plata County, CO","","2026-05-10","passed","2026-05-10","","County Website Validation for CO","Validate county La Plata County, CO",""
"","3367","Validate county Sevier County, UT","","2026-05-10","failed","2026-05-10","","County Website Validation for UT","Validate county Sevier County, UT",""
"","5243","Validate county Sandoval County, NM","","2026-05-10","passed","2026-05-10","","County Website Validation for NM","Validate county Sandoval County, NM",""
"","6210","Validate county Jackson County, CO","","2026-05-10","failed","2026-05-10","","County Website Validation for CO","Validate county Jackson County, CO",""
"","3813","Validate county Deuel County, SD","","2026-05-10","passed","2026-05-10","","County Website Validation for SD","Validate county Deuel County, SD",""
"","10064","Validate county Broomfield City and County, CO","","2026-05-10","passed","2026-05-10","","County Website Validation for CO","Validate county Broomfield City and County, CO",""
"","44859","Validate county Mercer County, PA","","2026-05-10","failed","2026-05-10","","County Website Validation for PA","Validate county Mercer County, PA",""
"","6952","Validate county Kootenai County, ID","","2026-05-10","passed","2026-05-10","","County Website Validation for ID","Validate county Kootenai County, ID",""
"","6209","Validate county Schuyler County, NY","","2026-05-10","passed","2026-05-10","","County Website Validation for NY","Validate county Schuyler County, NY",""
"","6518","Validate county Caribou County, ID","","2026-05-10","failed","2026-05-10","","County Website Validation for ID","Validate county Caribou County, ID",""
"","8141","Validate county Westchester County, NY","","2026-05-10","passed","2026-05-10","","County Website Validation for NY","Validate county Westchester County, NY",""
"","7131","Validate county Sedgwick County, CO","","2026-05-10","passed","2026-05-10","","County Website Validation for CO","Validate county Sedgwick County, CO",""
"","10326","Validate county Dukes County, MA","","2026-05-10","passed","2026-05-10","","County Website Validation for MA","Validate county Dukes County, MA",""
"","7079","Validate county Johnson County, WY","","2026-05-10","failed","2026-05-10","","County Website Validation for WY","Validate county Johnson County, WY",""
"","4752","Validate county Curry County, NM","","2026-05-10","passed","2026-05-10","","County Website Validation for NM","Validate county Curry County, NM",""
"","46508","Validate county Allegheny County, PA","","2026-05-10","failed","2026-05-10","","County Website Validation for PA","Validate county Allegheny County, PA",""
"","4965","Validate county Carbon County, PA","","2026-05-10","passed","2026-05-10","","County Website Validation for PA","Validate county Carbon County, PA",""
"","3815","Validate county Crawford County, PA","","2026-05-10","passed","2026-05-10","","County Website Validation for PA","Validate county Crawford County, PA",""
"","5666","Validate county Coos County, NH","","2026-05-10","passed","2026-05-10","","County Website Validation for NH","Validate county Coos County, NH",""
"","7137","Validate county Montour County, PA","","2026-05-10","passed","2026-05-10","","County Website Validation for PA","Validate county Montour County, PA",""
"","3735","Validate county Yellowstone County, MT","","2026-05-10","failed","2026-05-10","","County Website Validation for MT","Validate county Yellowstone County, MT",""
"","3295","Validate county Cheyenne County, CO","","2026-05-10","passed","2026-05-10","","County Website Validation for CO","Validate county Cheyenne County, CO",""
"","3094","Validate county Windham County, VT","","2026-05-10","failed","2026-05-10","","County Website Validation for VT","Validate county Windham County, VT",""
"","4839","Validate county Washakie County, WY","","2026-05-10","passed","2026-05-10","","County Website Validation for WY","Validate county Washakie County, WY",""
"","3707","Validate county Franklin County, PA","","2026-05-10","passed","2026-05-10","","County Website Validation for PA","Validate county Franklin County, PA",""
"","24486","Validate county Hancock County, ME","","2026-05-10","failed","2026-05-10","","County Website Validation for ME","Validate county Hancock County, ME",""
"","5075","Validate county Sullivan County, NH","","2026-05-10","passed","2026-05-10","","County Website Validation for NH","Validate county Sullivan County, NH",""
"","10065","Validate county Roosevelt County, NM","","2026-05-10","passed","2026-05-10","","County Website Validation for NM","Validate county Roosevelt County, NM",""
"","46334","Validate county Churchill County, NV","","2026-05-10","passed","2026-05-10","","County Website Validation for NV","Validate county Churchill County, NV",""
"","4970","Validate county Lincoln County, WY","","2026-05-10","passed","2026-05-10","","County Website Validation for WY","Validate county Lincoln County, WY",""
"","9561","Validate county Oneida County, ID","","2026-05-10","passed","2026-05-10","","County Website Validation for ID","Validate county Oneida County, ID",""
"","7046","Validate county Susquehanna County, PA","","2026-05-10","passed","2026-05-10","","County Website Validation for PA","Validate county Susquehanna County, PA",""
"","24144","Validate county Moffat County, CO","","2026-05-10","failed","2026-05-10","","County Website Validation for CO","Validate county Moffat County, CO",""
"","2939","Validate county Washington County, PA","","2026-05-10","failed","2026-05-10","","County Website Validation for PA","Validate county Washington County, PA",""
"","2936","Validate county Washington County, VT","","2026-05-10","failed","2026-05-10","","County Website Validation for VT","Validate county Washington County, VT",""
"","3263","Validate county Larimer County, CO","","2026-05-10","failed","2026-05-10","","County Website Validation for CO","Validate county Larimer County, CO",""
"","9924","Validate county Davis County, UT","","2026-05-10","passed","2026-05-10","","County Website Validation for UT","Validate county Davis County, UT",""
"","4695","Validate county Latah County, ID","","2026-05-10","passed","2026-05-10","","County Website Validation for ID","Validate county Latah County, ID",""
"","5217","Validate county Torrance County, NM","","2026-05-10","passed","2026-05-10","","County Website Validation for NM","Validate county Torrance County, NM",""
"","6297","Validate county Meade County, SD","","2026-05-10","passed","2026-05-10","","County Website Validation for SD","Validate county Meade County, SD",""
"","5787","Validate county Fall River County, SD","","2026-05-10","passed","2026-05-10","","County Website Validation for SD","Validate county Fall River County, SD",""
"","14353","Validate county Grand Isle County, VT","","2026-05-10","passed","2026-05-10","","County Website Validation for VT","Validate county Grand Isle County, VT",""
"","6406","Validate county Bucks County, PA","","2026-05-10","passed","2026-05-10","","County Website Validation for PA","Validate county Bucks County, PA",""
"","2863","Validate county San Juan County, UT","","2026-05-10","passed","2026-05-10","","County Website Validation for UT","Validate county San Juan County, UT",""
"","5213","Validate county Union County, PA","","2026-05-10","failed","2026-05-10","","County Website Validation for PA","Validate county Union County, PA",""
"","8404","Validate county Camas County, ID","","2026-05-10","passed","2026-05-10","","County Website Validation for ID","Validate county Camas County, ID",""
"","5310","Validate county Anaconda-Deer Lodge County, MT","","2026-05-10","passed","2026-05-10","","County Website Validation for MT","Validate county Anaconda-Deer Lodge County, MT",""
"","6191","Validate county Eagle County, CO","","2026-05-10","passed","2026-05-10","","County Website Validation for CO","Validate county Eagle County, CO",""
"","24198","Validate county Millard County, UT","","2026-05-10","failed","2026-05-10","","County Website Validation for UT","Validate county Millard County, UT",""
"","3702","Validate county Adams County, ID","","2026-05-10","passed","2026-05-10","","County Website Validation for ID","Validate county Adams County, ID",""
"","5090","Validate county Lycoming County, PA","","2026-05-10","passed","2026-05-10","","County Website Validation for PA","Validate county Lycoming County, PA",""
"","2932","Validate county Elk County, PA","","2026-05-10","passed","2026-05-10","","County Website Validation for PA","Validate county Elk County, PA",""
"","3099","Validate county Bennington County, VT","","2026-05-10","failed","2026-05-10","","County Website Validation for VT","Validate county Bennington County, VT",""
"","4824","Validate county Colfax County, NM","","2026-05-10","passed","2026-05-10","","County Website Validation for NM","Validate county Colfax County, NM",""
"","5494","Validate county Stillwater County, MT","","2026-05-10","passed","2026-05-10","","County Website Validation for MT","Validate county Stillwater County, MT",""
"","2813","Validate county Sullivan County, PA","","2026-05-10","failed","2026-05-10","","County Website Validation for PA","Validate county Sullivan County, PA",""
"","6616","Validate county Nez Perce County, ID","","2026-05-10","passed","2026-05-10","","County Website Validation for ID","Validate county Nez Perce County, ID",""
"","2847","Validate county Salt Lake County, UT","","2026-05-10","failed","2026-05-10","","County Website Validation for UT","Validate county Salt Lake County, UT",""
"","8210","Validate county Golden Valley County, MT","","2026-05-10","failed","2026-05-10","","County Website Validation for MT","Validate county Golden Valley County, MT",""
"","3497","Validate county Lewis County, NY","","2026-05-10","failed","2026-05-10","","County Website Validation for NY","Validate county Lewis County, NY",""
"","4612","Validate county Uintah County, UT","","2026-05-10","passed","2026-05-10","","County Website Validation for UT","Validate county Uintah County, UT",""
"","15686","Validate county Piute County, UT","","2026-05-10","passed","2026-05-10","","County Website Validation for UT","Validate county Piute County, UT",""
"","6026","Validate county Stanley County, SD","","2026-05-10","passed","2026-05-10","","County Website Validation for SD","Validate county Stanley County, SD",""
"","5387","Validate county Kane County, UT","","2026-05-10","passed","2026-05-10","","County Website Validation for UT","Validate county Kane County, UT",""
"","11466","Validate county Douglas County, CO","","2026-05-10","passed","2026-05-10","","County Website Validation for CO","Validate county Douglas County, CO",""
"","4639","Validate county Yuma County, AZ","","2026-05-10","passed","2026-05-10","","County Website Validation for AZ","Validate county Yuma County, AZ",""
"","6611","Validate county Hudson County, NJ","","2026-05-10","passed","2026-05-10","","County Website Validation for NJ","Validate county Hudson County, NJ",""
"","3221","Validate county Musselshell County, MT","","2026-05-10","failed","2026-05-10","","County Website Validation for MT","Validate county Musselshell County, MT",""
"","3024","Validate county Bent County, CO","","2026-05-10","passed","2026-05-10","","County Website Validation for CO","Validate county Bent County, CO",""
"","9733","Validate county Herkimer County, NY","","2026-05-10","passed","2026-05-10","","County Website Validation for NY","Validate county Herkimer County, NY",""
"","3234","Validate county Essex County, NJ","","2026-05-10","passed","2026-05-10","","County Website Validation for NJ","Validate county Essex County, NJ",""
"","5112","Validate county Rio Blanco County, CO","","2026-05-10","passed","2026-05-10","","County Website Validation for CO","Validate county Rio Blanco County, CO",""
"","34533","Validate county Greene County, PA","","2026-05-10","failed","2026-05-10","","County Website Validation for PA","Validate county Greene County, PA",""
"","3085","Validate county Windsor County, VT","","2026-05-10","failed","2026-05-10","","County Website Validation for VT","Validate county Windsor County, VT",""
"","15490","Validate county Essex County, NY","","2026-05-10","passed","2026-05-10","","County Website Validation for NY","Validate county Essex County, NY",""
"","3772","Validate county Fallon County, MT","","2026-05-10","passed","2026-05-10","","County Website Validation for MT","Validate county Fallon County, MT",""
"","27174","Validate county Greene County, PA","","2026-05-10","failed","2026-05-10","","County Website Validation for PA","Validate county Greene County, PA",""
"","145703","Validate county Aurora County, SD","","2026-05-10","failed","2026-05-10","","County Website Validation for SD","Validate county Aurora County, SD",""
"","5677","Validate county Converse County, WY","","2026-05-10","passed","2026-05-10","","County Website Validation for WY","Validate county Converse County, WY",""
"","8557","Validate county Washington County, UT","","2026-05-10","passed","2026-05-10","","County Website Validation for UT","Validate county Washington County, UT",""
"","6154","Validate county Pima County, AZ","","2026-05-10","passed","2026-05-10","","County Website Validation for AZ","Validate county Pima County, AZ",""
